bookmaker_name,profit,marketing_spent,users,active_users
1XSTAVKA,34024024,9896940,69517,68808
LIGA STAVOK,66569759,5455000,16671,14096
1XSTAVKA,61746632,8183159,36507,24847
BETCITY,87343150,1677720,40739,40541
PARI,33818278,2407508,42550,31304
PARI,19257614,6502838,64672,48077
WINLINE,16532262,5225376,66350,44528
BETCITY,95031686,5940662,24116,13233
LEON,67972081,7111974,86265,71116
LEON,35626131,2072440,42884,10924
WINLINE,51473530,4123040,56816,22231
LEON,48089073,6425298,89800,66413
BETBOOM,32561109,7121484,70238,63120
LIGA STAVOK,64446326,1240513,20915,19863
FONBET,83316133,2975941,30870,26284
FONBET,97318061,6430227,70387,57890
BETBOOM,73752797,5776606,53388,41494
1XSTAVKA,92275538,4179851,81239,74525
FONBET,54911507,4835694,94569,49310
BETBOOM,27992702,8581224,86718,26855
LEON,52829775,3436331,11667,11390
LEON,46018693,9390124,95061,18027
MELBET,28361632,7187486,27977,17861
BETBOOM,88695879,5914841,55910,17186
MELBET,36782377,6115893,80617,54200
BETBOOM,19853917,7376366,58233,35040
WINLINE,12409321,8298700,23413,17744
BETCITY,53430270,7849414,54141,20706
WINLINE,10405880,1480547,26411,13163
LIGA STAVOK,28377671,4777764,96138,22925
BETCITY,24221336,9304951,92649,23727
MELBET,88560606,5467416,34288,15735
MELBET,71740667,1110734,58857,49536
PARI,50520901,7072815,27888,25533
BETCITY,97017615,5418824,66010,44187
MELBET,19229734,6403056,87533,80685
LIGA STAVOK,26400180,6612785,33913,12172
BETBOOM,58776085,7144368,22438,16378
PARI,26386753,3718804,40425,31560
PARI,77436348,5127171,14209,12291
LIGA STAVOK,76658160,9508003,10204,10124
LIGA STAVOK,28188807,3773304,67975,61349
1XSTAVKA,20194295,6778299,76839,14261
WINLINE,77878919,2229723,43193,34611
FONBET,95320444,7263950,25328,23385
BETCITY,85406642,5859930,69811,68003
LEON,14627012,1493085,95948,85272
BETCITY,46737961,9652182,75715,55088
BETCITY,89042348,6419264,65819,42631
BETBOOM,36990674,4661057,13273,13214
LIGA STAVOK,20007503,4430512,30332,21988
MELBET,92959509,9570904,19763,16510
PARI,44876161,4795398,36318,11715
LEON,95288260,6112364,10327,10224
BETBOOM,12614374,7464141,67999,24112
BETBOOM,49762423,2087023,83108,69848
WINLINE,42469197,6758694,61488,35807
BETBOOM,30318845,4193795,10169,10095
FONBET,15017582,9370061,75874,14722
MELBET,98512316,4168428,38861,21351
MELBET,62987940,4981005,46411,27231
LEON,61076479,5037422,24997,14492
BETBOOM,71719583,3846090,11985,11305
BETBOOM,94805521,8636864,55255,42410
FONBET,95438539,1739777,90615,84500
LEON,52023760,3230820,46226,14406
LIGA STAVOK,84696444,4550867,73673,43451
1XSTAVKA,23591794,7788988,44259,40475
PARI,44528959,6399051,14906,12401
PARI,83191835,9760409,34728,32711
1XSTAVKA,15618073,1346893,20095,14018
BETCITY,75498207,4919520,15990,14780
PARI,76446475,7477537,91540,65933
LIGA STAVOK,47626215,2763128,54689,13845
PARI,65387988,9622411,25170,17240
WINLINE,78024728,3462662,44339,14109
BETBOOM,78982231,4521762,13686,10897
LEON,59438197,6103938,60932,11881
BETBOOM,47096502,3723209,47134,13255
BETBOOM,39592031,9314488,79597,49813
WINLINE,59161792,5714574,33575,27888
MELBET,26047188,6654389,30871,12183
LEON,44881671,4061055,35320,19944
LIGA STAVOK,95379831,2098014,38752,12063
FONBET,37480939,6314855,52406,11884
WINLINE,60889478,3525230,62547,14400
BETBOOM,48960513,9846767,73354,20695
PARI,28009522,9721107,89556,34788
1XSTAVKA,55382783,3103151,62127,52535
LIGA STAVOK,15162481,3893798,56770,34434
LIGA STAVOK,77640672,9022739,19697,17894
LEON,77633174,2239793,49585,18473
LEON,83923901,3122870,21019,11105
BETBOOM,84771286,5725892,18579,18289
PARI,83751488,2656869,82087,21637
LEON,95319290,6987512,57187,28650
MELBET,41161257,8961870,95605,20260
PARI,12296734,7617579,55936,44093
BETCITY,50958615,5096757,93084,81819
MELBET,93128873,5718502,17955,15269
WINLINE,54921841,1039061,69390,66988
LEON,60106542,9050568,66047,52805
PARI,62152966,3710298,69330,67098
BETBOOM,92342406,9436732,15486,13314
FONBET,17040855,9915264,33306,18429
PARI,13250640,8207116,82323,29667
BETBOOM,19400526,5820357,54097,17393
LEON,82594560,1289226,71429,19688
1XSTAVKA,72738637,3187049,89191,52152
PARI,89506452,7022474,79687,36185
FONBET,59093518,6343405,83483,18665
MELBET,34473976,3668869,25023,15267
PARI,97790505,7002628,21685,15770
LEON,43938090,8733999,63090,15779
WINLINE,83168481,2691604,48662,44132
LEON,69906046,8642993,14260,14125
LIGA STAVOK,28627023,2700101,21299,20742
MELBET,84233291,9230222,94866,11790
LIGA STAVOK,91645907,5050261,39283,35371
LEON,30318916,1276037,42684,41087
BETBOOM,23594052,2769196,28729,26690
BETBOOM,70766813,1912503,65376,22080
FONBET,23032496,8231243,29844,14318
1XSTAVKA,24050915,9069316,59492,38519
WINLINE,31333322,7154718,78969,71059
1XSTAVKA,43241900,9159339,99308,88335
PARI,80269732,7741655,70203,14103
LIGA STAVOK,12515644,6478216,79307,75420
1XSTAVKA,82626811,8953201,66781,18797
WINLINE,88896404,7705707,17121,14927
1XSTAVKA,65026815,6207257,14229,12132
MELBET,83108559,3906215,78213,65598
BETBOOM,95359763,5670131,54947,15207
WINLINE,69117721,4868339,38994,23884
1XSTAVKA,89686460,5518177,54804,38126
BETCITY,58511241,2750036,22458,18534
1XSTAVKA,78075362,8633477,37340,16725
LIGA STAVOK,25322325,4973317,86666,79672
PARI,86185213,5939421,80406,53598
MELBET,40822087,4244064,84860,57790
WINLINE,11293142,5745097,56504,13384
FONBET,79161676,6788138,69734,13612
LEON,78594143,2711301,82079,35562
LIGA STAVOK,99324510,4616563,12333,11109
BETCITY,19579080,7549903,23833,22492
BETBOOM,51544570,6133156,28565,27790
LIGA STAVOK,41238454,2238324,88764,73026
MELBET,16827041,4893403,50251,19140
LIGA STAVOK,83166339,4755237,21215,20671
BETBOOM,39796038,1916361,59966,52411
LIGA STAVOK,95148243,3206600,69480,64126
1XSTAVKA,54172197,2692216,39254,17308
1XSTAVKA,39830115,7040211,73628,58572
PARI,63296421,8005179,68832,29615
MELBET,77416938,5211297,32808,28726
FONBET,88649201,7863980,88628,76448
BETBOOM,61002368,8772597,76735,74407
BETBOOM,70174506,9233391,51050,49770
BETCITY,55360755,8747228,71142,21283
LEON,36785020,7359152,27851,26150
BETCITY,49571250,4975579,92034,32770
MELBET,68953782,8680674,98357,74077
LEON,51355254,5711320,62824,32031
BETCITY,23489881,3853860,65494,29208
LIGA STAVOK,13061608,4403572,57909,12435
LEON,34058828,6386461,80765,64469
LEON,17259117,5842692,35940,20471
FONBET,67365737,8825782,22196,19078
WINLINE,27441553,8178071,24699,18794
LIGA STAVOK,66883704,5475483,49252,30362
MELBET,11204351,7135975,48691,24139
WINLINE,97973673,4612579,80382,42252
1XSTAVKA,78595128,3717628,64168,34411
1XSTAVKA,89715522,5115847,79421,15568
BETCITY,38832704,3273046,68360,57059
WINLINE,42262300,2604799,33992,15029
PARI,50185718,4647719,66797,25042
BETBOOM,24320420,4114462,77033,34656
LIGA STAVOK,18351627,9400918,66170,21701
MELBET,57106089,7528020,17004,13641
LEON,76828799,2244374,79444,46227
BETBOOM,56730754,9715675,51848,46644
FONBET,97097213,7347360,41504,29071
BETCITY,83167561,5776798,47877,35685
BETCITY,65527419,7279942,11271,10492
BETCITY,67842518,3368956,57087,39541
WINLINE,86121464,7845191,69011,46208
WINLINE,70216063,9644321,25786,23108
FONBET,58778370,1101046,65615,10438
LEON,64171485,8914038,64854,29325
1XSTAVKA,60777121,2227436,78213,24598
WINLINE,33279826,8901486,34011,12883
BETBOOM,50001419,6094334,68689,14268
LIGA STAVOK,38096925,6118713,71708,50070
1XSTAVKA,96290160,4010201,87373,57466
BETCITY,66481115,2573817,55623,25828
WINLINE,34389907,1241344,34371,18388
PARI,92413004,7452826,53172,19425
LIGA STAVOK,38185298,7979870,43068,31138
BETCITY,34521507,6696199,82891,28202
BETBOOM,38916338,8949518,79652,69699
BETCITY,95773238,9624086,66068,35141
LIGA STAVOK,42124631,1062357,72935,46263
BETBOOM,22213113,3485176,89534,75271
WINLINE,83152094,3497976,39255,34740
MELBET,77652843,3870157,98251,12785
1XSTAVKA,81032340,1599406,10942,10442
LEON,88365361,8949785,36777,16734
LIGA STAVOK,48163570,9298682,50566,28109
PARI,41965627,7610393,91973,12640
BETCITY,27582877,4697619,42947,34982
1XSTAVKA,20456027,7452092,30896,18650
BETCITY,92027218,1623631,33646,31799
BETBOOM,26302869,1505689,61246,12965
WINLINE,29578364,4422048,76942,14407
WINLINE,88619191,1321775,39485,36067
WINLINE,90448405,6331234,77368,68062
BETBOOM,72376305,8326457,52639,32446
BETCITY,56070956,8245918,48495,22190
BETCITY,24048128,2912037,81287,51389
WINLINE,11749177,6152234,69497,33422
1XSTAVKA,59155937,5609918,91227,17676
PARI,10132991,5501962,31421,14532
1XSTAVKA,71309935,7105493,95022,35694
WINLINE,55817798,4450820,60510,36533
BETCITY,36137066,8095267,44236,20725
BETBOOM,96057070,3897384,50627,30720
LIGA STAVOK,56476650,2114690,44335,23109
MELBET,20543867,7598077,44424,11820
LIGA STAVOK,43726914,1822488,12633,10621
BETCITY,49626997,6164854,76176,49644
MELBET,77067122,2348678,60119,51247
PARI,54408812,7499003,30460,21094
LIGA STAVOK,65151695,9002675,55797,50738
PARI,39676176,2201254,58162,44682
BETBOOM,23375183,8546868,93469,78464
MELBET,90534241,7685724,67610,60698
BETBOOM,89830334,7914443,71282,34846
BETCITY,68672896,5647845,35084,20114
FONBET,24154403,4016673,45702,33751
LEON,47695935,2544778,90654,65833
LEON,59277834,5271493,80497,51964
MELBET,94698145,6394314,51351,32792
1XSTAVKA,52939667,6365933,69893,65531
LEON,14458539,8758046,87299,45583
1XSTAVKA,52952854,7666680,31900,31800
LEON,62878330,8154379,48292,37246
WINLINE,59546166,5776565,81308,20088
BETCITY,17242404,7933621,41558,33102
LEON,78265677,8540145,18312,17852
PARI,66418482,9969005,41974,37345
1XSTAVKA,78621345,8871471,89704,15803
PARI,90085879,3890669,68073,15696
LEON,78173827,1484705,37352,15211
BETBOOM,74819285,5641651,85797,25659
WINLINE,57465386,1313318,37191,12839
LEON,76313979,2522940,78075,36245
LEON,77947503,8516149,98471,96407
FONBET,83116055,1213976,67209,19017
LEON,82360957,8064353,40238,33412
LIGA STAVOK,72601541,3857555,65018,29152
LEON,22079670,7552892,31796,16532
MELBET,49028737,1925742,94113,66509
LIGA STAVOK,91676842,5467077,99818,72832
BETBOOM,69270377,4527459,79389,26256
1XSTAVKA,23264853,1155502,78439,11349
MELBET,63110224,6122840,90412,36598
WINLINE,95973362,3913174,52537,48832
MELBET,28173421,7542994,50940,42514
1XSTAVKA,52003222,8796906,85005,43832
BETBOOM,60659898,8046299,54608,25634
BETBOOM,90530542,4393374,34477,22479
LIGA STAVOK,16638886,5887307,31586,22748
BETCITY,65385337,8822312,30586,19204
FONBET,83226705,4834930,25917,19426
FONBET,62563724,2117253,70743,12989
1XSTAVKA,17573402,5354239,88570,57052
PARI,30516499,2509137,54448,13223
WINLINE,88615188,4457900,64470,63702
PARI,23605181,4299643,71890,33084
PARI,19752787,9541670,91110,86253
MELBET,27305301,3460904,82557,22399
1XSTAVKA,27172363,8991910,92867,37250
FONBET,11779503,9412346,76667,69271
LEON,50811742,6685140,46369,46011
BETCITY,70437123,7219159,46579,10160
LIGA STAVOK,99789734,3418988,23950,11109
PARI,13848353,3989598,38212,12799
MELBET,45685488,5256119,73073,12192
BETBOOM,12650438,9108398,22297,16061
BETBOOM,52937982,3292744,19026,10408
LEON,36327265,7330473,73299,71153
BETBOOM,94987620,4637327,93354,48494
LEON,71025278,4589215,41160,23120
WINLINE,84678126,5372314,54033,21752
LEON,76043847,9485974,56078,25836
BETCITY,34754249,3338521,94488,19752
FONBET,14887611,7890753,94988,67739
MELBET,86773411,2444381,75434,41542
WINLINE,56785712,1528045,51107,31290
1XSTAVKA,88810410,5122555,48902,43610
FONBET,32369172,5642553,47089,37832
LEON,90833855,2334402,42633,38004
WINLINE,11307314,8652141,91673,30115
1XSTAVKA,94467355,1931459,36212,10426
LIGA STAVOK,29654314,7027446,78100,72604
BETBOOM,93741967,9353086,23226,11805
WINLINE,76206841,6027072,22555,21103
FONBET,46498334,2451049,36374,33074
BETBOOM,77411064,2436194,20671,15222
BETCITY,94782213,3064853,34652,21513
FONBET,58132328,2798393,48985,27583
LIGA STAVOK,33804302,5086056,10760,10022
LIGA STAVOK,71168992,4338002,81025,17572
BETCITY,63949902,9495309,71181,22348
1XSTAVKA,32105909,3948507,46912,24512
PARI,71839894,2536069,34092,17997
FONBET,88646092,8268560,66794,42880
PARI,74758575,1014478,89749,27629
MELBET,42841342,9372321,38824,10533
PARI,99579089,1065218,88300,75858
1XSTAVKA,24045990,3002127,12486,11303
LEON,44187956,8145462,11375,10026
WINLINE,82423671,8723205,73017,54687
BETBOOM,32936029,5038346,29266,18463
MELBET,21493082,5684696,79152,12559
BETBOOM,94874415,9848191,45057,12685
1XSTAVKA,49588377,5240090,30515,28819
1XSTAVKA,11819633,4150754,54303,32349
BETCITY,48583829,8110766,89552,27494
FONBET,37628944,3984619,33771,32880
PARI,42931251,8727519,37965,12404
BETCITY,63257388,5011119,83634,75656
BETCITY,14488662,5193111,18855,16838
1XSTAVKA,50277269,1742450,71471,61160
PARI,43592806,3169321,85773,23617
FONBET,20227187,9334906,35490,26889
BETBOOM,95356421,9703334,43070,32911
PARI,49783570,1267047,57752,21191
BETBOOM,62338982,3858023,43199,16159
FONBET,50334548,2086140,91900,59157
FONBET,19161259,3634292,29992,24883
WINLINE,16878074,7466543,36001,15686
WINLINE,75055129,2120292,35066,12296
LEON,62040122,9073292,87304,57668
LIGA STAVOK,74542067,8557641,87651,55860
PARI,23598041,1106035,24389,10023
BETBOOM,47272490,3900429,21864,19868
LIGA STAVOK,16495552,4458272,51806,32134
LEON,22827864,1594383,65455,61611
LEON,37464942,8736348,93581,54491
FONBET,99996633,8021969,19273,17666
1XSTAVKA,82163630,3931515,83803,18913
BETBOOM,38437546,9133090,61140,36650
BETBOOM,35450664,8408777,22642,15306
FONBET,31558217,4705313,90451,14942
LIGA STAVOK,72425440,4614111,82768,49645
BETCITY,21592287,7274699,45282,22629
FONBET,31187277,4390608,66155,18365
BETBOOM,93787202,2350468,21341,14868
MELBET,25167638,3401519,41702,27183
1XSTAVKA,14913960,6050593,68070,13332
MELBET,27388433,6298410,35332,29634
MELBET,57978328,6166173,83779,22246
BETBOOM,31826166,4200619,91074,67416
FONBET,60110987,2581908,21119,17383
WINLINE,14782410,4974548,86037,58599
BETBOOM,60975318,9016482,67311,56855
MELBET,57581463,8071739,67614,60630
BETBOOM,75495831,5952799,75243,69795
PARI,36307659,3396438,45591,28996
BETCITY,16843195,2287246,40232,39517
LIGA STAVOK,97607755,8303566,99565,82998
1XSTAVKA,13463439,7661123,56581,11394
PARI,75454744,9637385,53579,26335
MELBET,75437475,5682478,21419,10598
PARI,28890414,3971161,26851,13830
FONBET,87387251,3628353,45554,14596
1XSTAVKA,43418316,5562104,85293,33517
FONBET,79248065,7947307,58879,15372
LEON,83377729,9981277,36618,11714
FONBET,32171626,6206057,48814,28582
LIGA STAVOK,30030463,2439631,88421,79434
BETBOOM,76064932,4553191,14354,10798
PARI,53575809,7894289,16392,12259
LEON,96905035,1040537,64309,57329
FONBET,26963475,8392337,79966,37321
PARI,87248106,3603536,62886,38665
LEON,66699523,2343310,55141,52779
PARI,51017609,2469258,46188,42299
MELBET,71012685,6887245,47595,35696
1XSTAVKA,95391234,1019115,35466,20662
LIGA STAVOK,65832101,2005443,10413,10413
BETCITY,77522530,8950452,28652,11427
BETBOOM,10491683,4199785,80995,76808
FONBET,50867053,8840849,41646,28386
1XSTAVKA,49351030,4774697,77414,20585
BETCITY,41411631,4926889,57040,35352
LIGA STAVOK,28773159,5366550,70513,55591
WINLINE,66617449,9414026,42893,21637
MELBET,45873171,2036776,47572,17195
BETBOOM,25374144,4191140,55276,27803
WINLINE,64521579,3284911,38739,15885
LEON,14458087,2665393,25009,20117
1XSTAVKA,22280314,1184521,46713,40340
LIGA STAVOK,50184259,5820918,53506,37158
1XSTAVKA,10283524,8980869,54956,31066
LEON,11920681,3187623,72559,33636
1XSTAVKA,94015349,8345321,76192,42400
LEON,39046365,3004419,38893,10012
LIGA STAVOK,83267770,6923229,13677,12373
WINLINE,51006001,9161940,51351,51002
FONBET,70589400,1167671,22721,11690
LEON,49470445,8870986,77616,38434
1XSTAVKA,47673700,3099335,90133,74498
MELBET,81139130,9268667,54400,46776
PARI,11802879,1526458,35221,14490
BETBOOM,77464305,3629804,93590,73138
WINLINE,25146626,2443079,36176,21241
MELBET,82082195,1948017,10845,10200
BETBOOM,74374516,8008900,35909,11602
WINLINE,56540424,7545249,58448,20597
BETCITY,24675483,7727987,90517,70804
LEON,50367085,6843306,59630,19520
1XSTAVKA,32666923,8510030,70812,14731
PARI,53044644,6321030,50574,44709
BETCITY,71973396,7555173,87778,54705
MELBET,18461251,5587289,27155,26581
BETCITY,89185596,8600005,27334,26259
FONBET,84507820,8946984,25445,19483
PARI,55393705,6483644,53434,49644
LEON,99895253,4768271,66290,39149
1XSTAVKA,94254729,1863727,89409,10718
LEON,78316245,1647311,95892,73977
MELBET,38798949,4881541,49084,26201
WINLINE,42175427,1458052,31297,17904
MELBET,65618161,4242810,74773,67536
LEON,52040538,3755316,70966,14624
WINLINE,78049513,5145603,16860,12787
FONBET,20566965,8136037,69393,36694
LIGA STAVOK,80536414,2825136,84703,39832
BETBOOM,39371236,8769624,71929,53477
BETCITY,51546572,9922867,95716,37036
FONBET,63793268,2451219,86137,65501
BETBOOM,63161293,4640034,73228,10009
FONBET,53303560,2845512,53953,40123
FONBET,35802070,6272024,60817,48125
LEON,89942276,8311512,74779,54384
1XSTAVKA,82173095,5446755,28879,28629
1XSTAVKA,58523395,9667070,38298,23312
LIGA STAVOK,75466709,6500968,95794,66714
BETCITY,68426564,7634527,88962,78334
PARI,63387623,5318573,96942,85679
MELBET,35923481,1446416,46319,31704
LIGA STAVOK,85437141,3549938,35404,31644
WINLINE,14611806,2099612,53476,53192
PARI,23973592,6113272,46684,14629
PARI,77932175,5512832,66032,12928
FONBET,41050958,2729875,11278,10908
LIGA STAVOK,20597050,4578649,91542,72921
PARI,81741148,5906280,49737,17234
MELBET,66896622,4883896,13830,12594
WINLINE,54427346,9723564,73581,38840
1XSTAVKA,13629124,5628309,41887,15170
BETBOOM,16807647,2444521,14028,10692
LEON,78768590,9542479,92263,40048
1XSTAVKA,15508530,7818039,73810,35764
PARI,21054976,4731494,31913,30966
MELBET,41084286,6408430,89989,44360
PARI,68175194,6212086,85474,58729
BETCITY,99673970,3193866,75451,18404
FONBET,49618755,7646637,85848,69160
BETBOOM,51113371,2327166,31489,25572
PARI,37019937,3468131,70454,62610
WINLINE,31803848,4345404,33142,30125
WINLINE,74916505,7880996,54439,27000
LIGA STAVOK,13340728,7650682,76513,27522
WINLINE,25048110,9731577,32311,12824
BETCITY,86865811,8089330,38096,32102
1XSTAVKA,12840195,2430296,24151,11743
BETCITY,33182043,2553993,29210,29160
WINLINE,41420029,1224747,80461,72465
LEON,83619883,1029793,26766,13979
1XSTAVKA,47949196,2978871,50991,25779
1XSTAVKA,21993152,3871357,81019,19721
WINLINE,45920311,2190052,31859,24934
WINLINE,82016003,4875190,20351,16325
LIGA STAVOK,59971345,1404454,35296,29545
WINLINE,16449913,7398622,24404,13479
BETCITY,65391964,2620622,74342,42434
PARI,22785823,9715377,21913,21491
FONBET,96298482,5399434,66882,20204
MELBET,47809449,2623550,55167,32210
LEON,89441562,8478162,87035,48055
PARI,96691235,8203017,27130,24105
LIGA STAVOK,29013888,7556313,97033,14032
MELBET,23948212,2181140,21373,18415
PARI,77907560,3158076,53266,45444
FONBET,21139970,9174116,26721,26080
WINLINE,19690425,1168784,91821,29840
FONBET,23225877,6156305,13354,10525
LEON,67675068,8185998,59337,49939
PARI,13479317,1868716,98891,82383
PARI,14336176,7434803,65223,45496
LIGA STAVOK,98247079,9353566,21520,16223
WINLINE,93885160,4218561,40454,21134
1XSTAVKA,96988032,7610611,31696,11329
PARI,52797791,9285502,99130,76600
LIGA STAVOK,26834320,9190469,96280,56605
LEON,73035869,4532670,70394,12222
WINLINE,33501260,9017957,61965,22059
BETBOOM,14468833,8823734,38307,26737
MELBET,62415194,9031945,73615,10396
BETBOOM,26963709,6396835,44898,37885
LIGA STAVOK,25146516,1580467,52568,29083
LIGA STAVOK,16348475,1241979,38426,32180
WINLINE,55120351,7279841,33478,31193
1XSTAVKA,59058542,2119261,68750,12145
MELBET,64726342,6189439,19044,14328
WINLINE,78478893,4181964,31162,11248
LEON,55323904,5653556,31124,14033
WINLINE,72354205,2124731,18560,16665
BETCITY,49808582,1761049,52820,12842
MELBET,72225596,5464540,63137,44842
FONBET,13373799,8383902,33764,12989
MELBET,31035963,2431708,92241,77026
1XSTAVKA,70269934,9554872,62865,11072
1XSTAVKA,22342874,5114472,84817,63760
WINLINE,68425114,4824395,54871,13973
WINLINE,58058677,4809267,40955,32433
LIGA STAVOK,55707847,4559340,41546,11278
LEON,80370362,6005559,92650,87153
LEON,35539150,5962993,83965,68450
LEON,70507903,3834201,11107,10121
PARI,66299018,6478214,45232,30827
1XSTAVKA,65567491,1638470,14261,11510
PARI,61987170,3175706,51074,22016
LIGA STAVOK,19992403,9541584,95496,37606
LIGA STAVOK,33051063,9856543,56125,31893
1XSTAVKA,54175465,1617890,35765,13445
PARI,79252342,9791128,91125,48369
MELBET,76212513,3613183,52169,42884
1XSTAVKA,63451700,6695668,35403,28440
LEON,86765972,6353027,93229,83867
BETCITY,22022686,9319912,94705,45483
PARI,49851993,5428380,87358,35723
BETBOOM,85489905,5511488,93145,53398
FONBET,52146733,5355209,96214,77266
PARI,99712573,3279143,26184,10442
MELBET,46604520,4907996,41755,34759
1XSTAVKA,76370771,1225490,38701,38643
FONBET,70368492,1205488,34248,12561
MELBET,96865056,8092125,47204,11354
WINLINE,12997469,1171055,23771,21955
LIGA STAVOK,82776423,7940237,59525,51452
BETCITY,89657825,5671806,76761,21366
WINLINE,74968154,6188697,56119,23747
BETCITY,47169037,6086360,59666,57149
FONBET,46211398,4984464,71597,16770
LIGA STAVOK,98158989,3359151,19106,16254
LEON,93401590,8181924,53114,34500
LIGA STAVOK,35828774,7682011,34596,16460
1XSTAVKA,86580855,4446620,87526,68539
BETBOOM,27022846,5206698,10430,10017
1XSTAVKA,54484318,9791457,25606,18403
WINLINE,61308285,8123530,49562,12329
1XSTAVKA,73660641,5357833,80895,27854
BETCITY,88412120,9553502,64214,17923
WINLINE,70659205,7921058,60385,24169
FONBET,32152459,5989440,83027,61974
LIGA STAVOK,87276136,9998913,75545,12134
LEON,70961344,4776972,54855,32039
LEON,96099271,7772450,75987,24599
BETCITY,32601527,4429077,64710,15724
BETBOOM,65175223,1868284,81961,36469
WINLINE,34393677,8322130,22468,10797
1XSTAVKA,86984231,6801934,68219,61960
FONBET,20194749,9957858,40047,25948
1XSTAVKA,17024966,3918688,39908,21561
FONBET,75447875,5538451,49264,15661
FONBET,32303240,1618251,16679,13500
FONBET,83681616,3692204,20999,16503
FONBET,36198739,6155895,69592,26140
LIGA STAVOK,27767071,7800108,74372,56111
LIGA STAVOK,17459269,2446531,12359,12273
WINLINE,10917663,7308267,68613,35945
MELBET,59469314,9199789,42277,23893
PARI,94958371,3799536,15606,10045
BETBOOM,24762157,8442408,68773,66602
LIGA STAVOK,90322197,2406283,38883,29397
PARI,39676816,3000440,58719,25432
PARI,49019244,5529953,46699,25853
MELBET,12683384,5592840,60109,12631
LEON,25580921,6274992,39645,36577
LIGA STAVOK,27485684,6451498,81990,66823
MELBET,68862450,3737468,82129,38105
BETBOOM,35157508,7678670,72409,30790
MELBET,44762395,8426878,32584,30429
WINLINE,68014982,4100907,24512,20403
WINLINE,62421890,1293865,30528,28669
1XSTAVKA,91506025,2996594,32608,26486
BETCITY,24890354,9107327,10943,10430
BETBOOM,20078442,7338385,30205,20956
BETBOOM,94380738,4369480,98331,57518
MELBET,97722513,7974356,89420,44522
FONBET,34243464,1593092,87185,84419
MELBET,57754657,7083323,20288,14718
LEON,52719422,5612695,81008,37029
FONBET,17267768,9326505,47486,32274
BETCITY,12495982,9342590,96155,38501
FONBET,98913732,1283842,64912,29450
1XSTAVKA,34772287,3378664,80254,52635
PARI,15107887,7204694,11017,10456
LIGA STAVOK,12596477,2359603,17085,13869
1XSTAVKA,20220793,1539045,47442,23747
BETBOOM,99293422,9018246,12335,10963
WINLINE,37470057,2391775,87481,82513
LIGA STAVOK,38076259,8392315,36568,36361
LIGA STAVOK,42621919,5075598,68560,53117
LIGA STAVOK,95790346,3490761,98724,76675
PARI,17627225,6761246,11753,11091
BETCITY,17742310,3282804,69846,61578
LEON,81099634,9465386,75515,71881
MELBET,18806560,3732441,14740,10656
PARI,64067003,6179693,99150,97747
LIGA STAVOK,82102364,8899846,75353,31499
BETCITY,84237200,2442459,29070,13904
MELBET,36340909,3890277,23714,17866
FONBET,77790622,9328385,27221,16425
LIGA STAVOK,94052190,5786813,55822,10072
WINLINE,93767999,1231767,17902,13960
LEON,88676216,7675765,47909,23070
LEON,94354391,4621356,87062,18414
PARI,91035611,8661408,17960,13161
BETBOOM,29336815,9728554,69135,51744
FONBET,88446802,8823417,19759,15484
FONBET,33129686,9533211,99486,35441
LIGA STAVOK,76079965,8680523,74516,56636
LEON,29514826,2334552,88862,68963
LEON,25282094,6177933,42423,27000
BETBOOM,75128667,8809771,60729,32981
LEON,63748320,5400456,19085,10514
MELBET,41832758,5806147,89222,25467
LEON,69362814,5969525,44259,32434
BETBOOM,13980071,1043780,47658,31990
WINLINE,95613004,1937379,68143,49639
BETBOOM,31187970,6676206,26572,18882
MELBET,24997890,4522881,17255,13585
1XSTAVKA,83148834,1376998,20702,14906
FONBET,26415085,8708058,29976,16727
WINLINE,50676256,5625053,62144,42969
LEON,38002900,2754603,14270,13842
1XSTAVKA,48669232,6257292,46443,14385
PARI,96131736,7289922,48809,21467
LEON,51853604,3321929,86422,31823
PARI,26403592,6304535,65109,13903
LIGA STAVOK,70706876,5070570,70325,12184
1XSTAVKA,67997212,7358810,51216,20305
BETBOOM,92697705,3389993,30168,10148
LIGA STAVOK,97089212,2732701,90143,90116
LEON,29740737,1978798,45091,32432
MELBET,51425441,2902666,36808,17265
LEON,11460272,6566522,82392,48377
1XSTAVKA,21578834,3034386,64544,36894
PARI,85280519,6952099,93252,60135
MELBET,52677163,3173898,86135,24452
FONBET,34725255,5451111,24066,22389
1XSTAVKA,94155767,9535398,36025,28429
BETCITY,30089521,1582067,17034,10749
FONBET,56400258,9356392,29776,28713
1XSTAVKA,83732840,8277006,73861,53882
BETCITY,19786202,9071678,18164,11735
BETCITY,63429742,1677429,75825,11337
1XSTAVKA,15949306,4130507,73723,18591
FONBET,43779332,1558283,44604,10348
LIGA STAVOK,94376788,9183750,34318,26320
1XSTAVKA,15980662,1996639,57923,53177
LIGA STAVOK,29800791,8025610,93418,81259
1XSTAVKA,71684648,9108639,30913,25012
WINLINE,75821073,6142141,44224,16988
BETCITY,69565762,3625214,32060,19391
BETCITY,19573368,6471601,81347,21721
BETCITY,19322929,2442938,45610,11081
MELBET,80653388,4081240,63559,25203
BETCITY,69972243,6217530,49632,14833
1XSTAVKA,73671907,1862760,52817,38914
WINLINE,88394913,3786363,72913,40116
BETCITY,56327915,7243070,27852,12568
PARI,97918635,2697970,71773,49437
BETCITY,89365030,2626765,41879,38037
1XSTAVKA,64666705,5543070,99390,16465
MELBET,38155988,5049015,79573,10022
BETBOOM,99959483,9556578,50803,46116
BETCITY,41832330,8157321,15150,14073
PARI,49182115,4432966,31021,16530
FONBET,29125570,4097265,88733,17287
LEON,81870953,1523325,89275,19958
MELBET,95244803,5991871,63559,60862
WINLINE,62534564,8451647,83111,42043
PARI,16914717,4803122,92920,63137
FONBET,73096751,6065468,71560,41323
BETBOOM,93853763,4380268,13069,11916
FONBET,47707210,3615557,80825,61114
LEON,32212708,8899065,22325,11759
PARI,80322121,5778888,77376,70641
LEON,84895222,4287018,55840,42389
1XSTAVKA,47631428,6598048,27524,25586
LEON,69641257,3358456,85223,66688
FONBET,37167923,2865907,43627,15330
LEON,78985465,1840856,78178,12273
BETCITY,67396348,3507208,55092,17583
BETCITY,49082010,7324634,85354,33501
PARI,95861916,2077912,83943,11485
WINLINE,85436421,5165410,52891,28530
BETCITY,30901998,1439999,24475,23384
LIGA STAVOK,28370116,2150622,24787,12452
1XSTAVKA,33567448,2947812,39955,35798
MELBET,88029353,8065126,45373,38323
LEON,84391745,2032940,76749,31365
BETBOOM,30935225,2289561,39146,31377
LIGA STAVOK,80470883,3083968,53252,49302
LEON,94081534,1424213,97317,60802
1XSTAVKA,24066353,4900327,91602,74656
BETCITY,68252455,2448186,11087,10725
1XSTAVKA,42354860,8249809,29687,14561
BETCITY,10837158,2905635,58869,46105
LIGA STAVOK,19886861,9047208,18874,14285
PARI,83559729,8431731,64679,44088
LEON,31811707,8612629,93440,92402
MELBET,37785901,2458344,14546,14036
LIGA STAVOK,79154161,1651382,62600,41981
LEON,22207205,5802355,88385,15166
BETBOOM,52945215,6694383,12822,11049
LEON,59862391,2523386,20592,11893
PARI,95560249,3250931,98109,84869
WINLINE,42954245,3971588,47616,33039
1XSTAVKA,60361682,2371911,39643,19093
PARI,47770574,3237799,30616,11318
BETCITY,33097321,7999476,99257,39873
BETBOOM,12282971,5796500,14037,11577
BETCITY,77275564,7417037,52410,37421
FONBET,78638253,6275525,59552,54605
WINLINE,55457071,5587349,17220,12616
PARI,43902292,3426487,62740,48359
PARI,82159576,6288060,68006,58288
1XSTAVKA,73197121,1141689,79870,12187
WINLINE,89179576,4704815,45691,32914
1XSTAVKA,28645868,9406823,92828,44113
BETBOOM,45010818,9093388,91522,43069
MELBET,45229215,9968001,11390,10471
FONBET,59877039,4440567,60796,21370
FONBET,88246131,2479920,26590,20670
LEON,44754177,3532807,95417,68329
BETCITY,79776055,3986694,63072,14217
FONBET,81427736,9022829,41256,31238
LEON,65732365,8241968,98532,71233
LEON,97666120,4882481,96555,49287
LEON,44799510,3012345,34262,22724
LEON,89051334,3698434,77356,39866
LIGA STAVOK,11213451,6616487,24655,24092
PARI,25524403,5635497,15997,11713
MELBET,46858456,4868528,66315,62830
BETBOOM,65457818,6172427,84641,25368
BETBOOM,65462293,3698959,87473,40338
MELBET,10247076,8214185,47274,17349
1XSTAVKA,67786089,2325414,65993,18852
MELBET,59094219,1297646,12185,11203
WINLINE,41490829,6330081,61244,26441
BETCITY,33021440,8015008,47353,29220
PARI,10906261,5962513,30648,25817
LIGA STAVOK,32799766,6990913,58608,56677
BETBOOM,38330179,5299860,47158,26589
BETBOOM,10553533,4982490,15177,10334
MELBET,46913144,6486317,34525,17490
LIGA STAVOK,10800261,7917026,13337,10575
FONBET,52380343,9664550,64179,39726
FONBET,99635186,5241068,98510,15423
MELBET,43018671,1941990,71232,65326
BETBOOM,61676716,7835157,18565,14291
WINLINE,92826257,3151222,91479,24887
LIGA STAVOK,46984849,6634653,86949,10851
MELBET,43881521,3937707,68652,31574
1XSTAVKA,74151373,6021874,66753,38968
LIGA STAVOK,46673517,2630839,81497,11881
LEON,43794807,5281053,68513,52998
FONBET,38028762,9362316,13895,11056
FONBET,10794454,1553297,77865,56967
FONBET,45273106,3835387,19864,15748
BETCITY,27163607,2362756,76277,74744
MELBET,36581037,5484241,96080,47926
1XSTAVKA,45725216,5614046,24972,15815
LEON,86090064,5350062,42852,23936
PARI,83999112,9187539,77507,73014
BETBOOM,73734587,2920789,39644,27974
MELBET,19398071,6736606,23117,10096
WINLINE,59201476,8144108,81964,33041
LEON,11642605,8324127,39117,20400
LEON,38618053,7341111,88504,10161
MELBET,46966942,2868805,73367,17673
MELBET,95321609,9311297,26151,16617
BETBOOM,83264814,7335148,82999,75543
LEON,63446742,7237968,61913,15959
WINLINE,23320517,1233444,78432,54109
PARI,42353984,6580983,74614,20393
LEON,40212888,5162702,32442,11454
BETBOOM,92800156,4597063,10038,10024
LEON,30184263,7538609,98458,54898
MELBET,69765625,5739644,99980,71929
WINLINE,69526147,3484198,74590,19776
BETCITY,64936301,2157286,22362,18269
MELBET,67283374,6582065,30851,15087
PARI,70206134,7096707,45383,17981
1XSTAVKA,75320342,6283163,61134,45239
LIGA STAVOK,62657841,6438227,63467,43391
WINLINE,70864511,9978127,13930,12009
WINLINE,27504861,7527754,37203,34807
LIGA STAVOK,28370313,6611389,27347,19853
MELBET,91365119,6705589,41778,21740
WINLINE,59061660,3700717,63975,53041
PARI,95218658,1787193,75296,37157
LIGA STAVOK,57117027,8054710,20465,17901
PARI,61422741,8697818,25486,20772
LEON,27832475,7551280,14466,10025
FONBET,67016979,2273669,77057,29114
FONBET,71129088,2155658,45978,24701
BETBOOM,71415521,4312746,47283,28577
1XSTAVKA,48567571,4877982,57643,10734
WINLINE,43224245,7361389,45634,43154
WINLINE,39675450,8788662,17712,15854
FONBET,86916918,9212842,23600,11737
BETBOOM,25871241,9918280,21276,18421
BETCITY,32073673,4902269,64374,59418
PARI,75543690,4022071,81251,54677
BETBOOM,46745598,8664197,17696,12177
PARI,45760650,2964044,46898,21723
MELBET,38736452,5232448,11282,10911
LIGA STAVOK,38510391,1453208,58041,52425
LEON,60164259,9791385,15397,15184
FONBET,56187777,2514277,22935,10138
MELBET,37676408,6920726,44145,36114
1XSTAVKA,20144868,4569227,66521,64680
BETCITY,10844561,6782878,90237,78025
LIGA STAVOK,67191866,9789901,42479,41038
WINLINE,47700127,3135402,90517,46999
FONBET,96957663,3483983,50297,17888
1XSTAVKA,79100953,8828126,41814,22103
MELBET,21527801,1769567,37075,14725
PARI,92880586,4951158,60975,25528
WINLINE,16648504,7434666,36568,26246
WINLINE,67025435,5812318,15550,11812
WINLINE,98879600,6090720,78441,40838
LIGA STAVOK,91544539,2374546,36212,31755
LEON,18270990,2383184,59553,37278
PARI,43449419,3999866,78155,46103
MELBET,75655793,2138111,50523,43805
BETBOOM,34089127,3722777,68283,26654
PARI,27447465,8638643,38378,14486
PARI,52114503,9867588,12576,10215
LEON,58048963,2110034,45244,36489
BETCITY,13617177,7651394,63671,32994
FONBET,80474669,2612843,19032,12455
BETCITY,83873394,2021337,37059,29464
FONBET,84558755,3588016,71147,11977
WINLINE,30889362,9186872,37789,16101
PARI,62391471,6393646,67707,13389
LEON,56199259,4146507,99202,19566
MELBET,14783912,6328353,50532,14266
BETCITY,79564515,3885487,89384,35174
PARI,65503117,3220526,15334,12462
WINLINE,36893209,2636274,48921,39208
BETCITY,63051243,6277470,46527,30135
FONBET,33044889,8437580,36200,13570
1XSTAVKA,74636111,8552058,72141,69379
1XSTAVKA,28431278,5550658,48218,45007
BETBOOM,35468990,1070118,86201,85889
BETBOOM,72470686,3502718,71224,48449
WINLINE,88385111,8450317,36513,34477
LIGA STAVOK,70628125,5128475,43542,42815
WINLINE,86740034,6972721,42820,13069
PARI,77435821,9657091,66669,18948
1XSTAVKA,90549362,9270274,89093,70293
BETCITY,80194480,5473320,47258,34871
1XSTAVKA,72390900,2239020,58269,33196
MELBET,35769881,2188465,67130,17420
BETCITY,43702404,2878399,47262,16765
LEON,94641351,6432484,46013,45559
PARI,75166337,9529485,37242,11782
FONBET,20378718,2500110,14931,14855
1XSTAVKA,62503463,4194402,68691,66345
PARI,88769171,5220418,85858,19594
MELBET,27037208,3030890,70195,68614
BETBOOM,67527113,4244935,20508,18669
LIGA STAVOK,75995171,7847776,91792,61853
1XSTAVKA,93304878,2077649,90591,17568
MELBET,47769870,9328305,59135,19856
1XSTAVKA,64803864,5932190,55938,15029
1XSTAVKA,66480764,4665038,36809,30562
MELBET,76173836,4094763,58186,12947
FONBET,68954525,8363598,56693,41634
FONBET,93611142,1490361,85736,61741
MELBET,56465368,5592494,47917,15769
FONBET,11533014,1538098,24557,18821
PARI,67326074,9383181,86838,49471
1XSTAVKA,25237024,1846316,68449,46389
MELBET,85349339,6951326,64107,29527
LEON,96230427,6524488,98969,63895
LEON,30994541,4199597,20992,19445
BETBOOM,49825102,4560259,93367,32760
WINLINE,25047547,7207440,91063,74094
MELBET,14482463,3962892,82160,18774
PARI,21336141,8188229,71942,67859
WINLINE,74921946,6398697,98896,61856
LEON,28967246,4738322,39913,10884
MELBET,76655160,4511041,80512,25361
PARI,61168595,8309772,59438,32667
1XSTAVKA,43579564,9019165,32529,13518
PARI,55577131,3562247,84971,21409
WINLINE,27108922,6633866,84636,17196
LEON,69009730,3670362,91844,34484
1XSTAVKA,29820683,9467700,60939,57032
MELBET,79091603,8435517,49410,43720
LEON,77634361,7338695,28153,19270
LIGA STAVOK,19492721,7224648,74194,51613
PARI,35673738,3106270,25298,20797
PARI,63217127,3832952,84083,54854
1XSTAVKA,78137799,9389591,98972,90515
1XSTAVKA,14283868,2566272,83145,43329
FONBET,39704907,2062455,37960,18020
FONBET,47937242,4405276,63590,15776
LEON,93717485,9952838,19902,12727
LEON,64668314,3728008,16119,13352
LEON,56995544,5284932,42322,38252
FONBET,97708087,9399528,41372,10837
1XSTAVKA,68848573,8124926,72495,31674
WINLINE,33458895,1780174,33167,11575
WINLINE,12468752,6468698,64617,38272
1XSTAVKA,71558269,4753015,39606,17914
FONBET,30253862,8882675,78894,24247
PARI,53450330,2328118,41196,31173
WINLINE,39503444,5191373,91760,56122
MELBET,25846914,2796282,85286,72143
BETBOOM,37479480,3589195,31421,28183
LEON,39499135,5180713,38957,22022
LIGA STAVOK,54037904,6465689,62550,10405
MELBET,82157505,1697701,95156,11470
MELBET,26860528,5110942,12698,10681
LIGA STAVOK,67350016,9064755,59138,40544
MELBET,32940525,7383424,45059,12550
LIGA STAVOK,88700638,9623294,94193,92503
FONBET,70199709,6642349,88507,72346
1XSTAVKA,76650607,1769757,71705,61193
WINLINE,67211522,2757830,94855,69700
BETBOOM,69361885,6443255,12257,12188
LIGA STAVOK,95538879,6763821,81080,23956
BETCITY,28002647,3504710,16806,11541
1XSTAVKA,55392724,7511049,51158,27308
BETCITY,39232132,3534231,65523,11504
PARI,19181047,6473690,97942,47718
WINLINE,98034568,1441038,48118,10433
BETBOOM,35680037,5575800,47539,36956
LIGA STAVOK,86607779,3885381,61871,11488
FONBET,18015941,4181625,53267,35136
BETBOOM,99590881,6080023,21884,12579
1XSTAVKA,83072623,1446104,80537,70168
FONBET,39330849,4680129,36225,15287
BETCITY,33596254,2167198,85497,16571
LEON,17517839,6725148,76399,25705
MELBET,16504048,7878636,76593,40683
1XSTAVKA,81854828,3618171,97519,82566
LIGA STAVOK,46745891,6409152,70642,10999
PARI,90780436,1601829,55144,29757
WINLINE,72643248,7465535,36685,17467
LIGA STAVOK,59968601,4966530,25910,16295
WINLINE,86557098,2138577,19413,17314
1XSTAVKA,12312905,4150468,73075,58780
PARI,23407229,9461576,74850,47548
FONBET,24177710,7427000,84571,74368
FONBET,41060205,4415445,57649,17432
BETBOOM,86829306,1209214,78594,75060
FONBET,64611554,1334088,54435,36207
1XSTAVKA,64532021,5896687,74605,27263
BETBOOM,33621266,2696460,79142,61021
LEON,30331559,5055450,34618,18435
FONBET,90867487,6413173,53227,20802
PARI,99000103,6551064,22230,16332
BETCITY,13066230,8389820,42468,35811
MELBET,93308998,5384335,67419,15042
FONBET,68562581,3105913,79377,29373
LEON,92283930,4307209,56208,27808
PARI,56262084,8776470,71607,32502
FONBET,88466170,7270203,69089,44386
1XSTAVKA,23282538,7808382,18243,12841
WINLINE,63868229,5450553,69346,47610
PARI,78751203,9338137,58951,40922
PARI,37875984,3257247,35969,19776
BETBOOM,59953049,7818152,29921,22233
WINLINE,74373520,4392107,65929,39319
FONBET,24833872,6412220,82102,65488
MELBET,54257004,8402717,54968,20687
BETCITY,75144234,8472746,35175,12767
